{
  "name": "PWA Torneos - Sprint 1",
  "lists": [
    {
      "name": "Backlog",
      "cards": [
        "US-05 Visualizaci\u00f3n resultados",
        "US-03 Inscripci\u00f3n atletas"
      ]
    },
    {
      "name": "To Do",
      "cards": [
        "US-01 T1 Endpoint register/login",
        "US-02 T4 Endpoints CRUD torneos"
      ]
    },
    {
      "name": "Doing",
      "cards": [
        "US-01 T2 Frontend forms register/login"
      ]
    },
    {
      "name": "Done",
      "cards": [
        "Proyecto inicial - repositorio configurado"
      ]
    }
  ],
  "members": [
    {
      "name": "Ana - Backend"
    },
    {
      "name": "Luis - Frontend"
    },
    {
      "name": "Maria - Backend"
    }
  ],
  "created_at": "2025-11-14T00:40:59.767009"
}