id,title,description,priority,estimate,acceptance_criteria
1,Autenticación de usuarios,Login y registro con JWT,P0,5,Usuario puede registrarse e iniciar sesión y recibir token
2,Modelo Atleta,CRUD básico para atletas,P0,8,Crear/Leer/Actualizar/Eliminar atleta desde API
3,Inscripciones,Registro de atleta en evento con estado,P0,8,Atleta puede inscribirse y ver estado
4,Registro de Tiempos,Registrar tiempos por atleta/competencia,P1,13,Tiempos se pueden guardar y consultar por evento
5,Dashboard Admin,P1,8,Admin puede ver lista de inscripciones y resultados
6,OpenAPI,Documentar endpoints de auth y atletas,P0,3,Archivo YAML válido y accesible
7,Diagrama BD,Diagrama ER exportado,P1,3,PNG y .drawio incluidos
8,PWA Manifest,Agregar manifest.json y icons,P2,2,Manifest referenciado en index.html
9,Service Worker,Registrar SW para caching,P2,5,SW registrado y funcionando en preview
10,Video Demo,Link al video de la entrega,P0,1,Link incluido en VIDEO.txt
