{
  "name": "PWA Torneos - Board Template",
  "lists": [
    {
      "name": "Backlog"
    },
    {
      "name": "To Do"
    },
    {
      "name": "In Progress"
    },
    {
      "name": "In Review"
    },
    {
      "name": "Done"
    }
  ],
  "cards": [
    {
      "name": "US-01 Crear torneo"
    },
    {
      "name": "US-02 Registro de usuario"
    },
    {
      "name": "US-03 Inscribir atletas"
    },
    {
      "name": "US-04 Registrar tiempos"
    },
    {
      "name": "US-05 Ver resultados"
    }
  ]
}